{"stats":{"minecraft:mined":{"minecraft:oak_log":6,"minecraft:oak_leaves":5},"minecraft:picked_up":{"minecraft:oak_log":6},"minecraft:crafted":{"minecraft:crafting_table":1,"minecraft:oak_planks":24,"minecraft:stick":4},"minecraft:custom":{"minecraft:jump":24,"minecraft:time_since_rest":10513,"minecraft:leave_game":2,"minecraft:play_time":10513,"minecraft:sprint_one_cm":1927,"minecraft:time_since_death":10513,"minecraft:walk_one_cm":1376,"minecraft:total_world_time":10513,"minecraft:fall_one_cm":1161,"minecraft:fly_one_cm":3299}},"DataVersion":3465}