{"stats":{"minecraft:mined":{"minecraft:grass":3,"minecraft:oak_log":6,"minecraft:oak_leaves":5},"minecraft:dropped":{"minecraft:wheat_seeds":1},"minecraft:crafted":{"minecraft:crafting_table":1,"minecraft:oak_planks":24,"minecraft:stick":4},"minecraft:picked_up":{"minecraft:oak_log":6,"minecraft:wheat_seeds":1},"minecraft:custom":{"minecraft:jump":55,"minecraft:time_since_rest":11715,"minecraft:damage_taken":215,"minecraft:damage_dealt":90,"minecraft:leave_game":3,"minecraft:time_since_death":11715,"minecraft:play_time":11715,"minecraft:sprint_one_cm":7897,"minecraft:walk_one_cm":5687,"minecraft:total_world_time":11715,"minecraft:drop":1,"minecraft:fall_one_cm":1788,"minecraft:fly_one_cm":9897}},"DataVersion":3465}